{"('42.3622420', '-71.0831110')": {"('42.3740292', '-71.1189061')": 2847, "('42.3624153', '-71.0861915')": 276, "('42.3961210', '-71.1420773')": 5751, "('42.3883205', '-71.1191142')": 3630, "('42.3654399', '-71.1038252')": 1581}, "('42.3624280', '-71.0849550')": {"('42.3740292', '-71.1189061')": 2729, "('42.3624153', '-71.0861915')": 75, "('42.3961210', '-71.1420773')": 5678, "('42.3883205', '-71.1191142')": 3557, "('42.3654399', '-71.1038252')": 1380}, "('42.3955880', '-71.1426060')": {"('42.3740292', '-71.1189061')": 3257, "('42.3624153', '-71.0861915')": 5638, "('42.3961210', '-71.1420773')": 84, "('42.3883205', '-71.1191142')": 2166, "('42.3654399', '-71.1038252')": 4487}, "('42.3912100', '-71.1226080')": {"('42.3740292', '-71.1189061')": 1868, "('42.3624153', '-71.0861915')": 3887, "('42.3961210', '-71.1420773')": 1745, "('42.3883205', '-71.1191142')": 415, "('42.3654399', '-71.1038252')": 3044}, "('42.3711970', '-71.0975990')": {"('42.3740292', '-71.1189061')": 1775, "('42.3624153', '-71.0861915')": 1297, "('42.3961210', '-71.1420773')": 4369, "('42.3883205', '-71.1191142')": 2248, "('42.3654399', '-71.1038252')": 812}, "('42.3853680', '-71.1377570')": {"('42.3740292', '-71.1189061')": 1845, "('42.3624153', '-71.0861915')": 4382, "('42.3961210', '-71.1420773')": 1577, "('42.3883205', '-71.1191142')": 1548, "('42.3654399', '-71.1038252')": 3075}, "('42.3664260', '-71.1054950')": {"('42.3740292', '-71.1189061')": 1194, "('42.3624153', '-71.0861915')": 1458, "('42.3961210', '-71.1420773')": 4336, "('42.3883205', '-71.1191142')": 2547, "('42.3654399', '-71.1038252')": 151}, "('42.3733290', '-71.1209860')": {"('42.3740292', '-71.1189061')": 216, "('42.3624153', '-71.0861915')": 2753, "('42.3961210', '-71.1420773')": 3162, "('42.3883205', '-71.1191142')": 1545, "('42.3654399', '-71.1038252')": 1446}, "('42.3613580', '-71.0967030')": {"('42.3740292', '-71.1189061')": 1982, "('42.3624153', '-71.0861915')": 813, "('42.3961210', '-71.1420773')": 5124, "('42.3883205', '-71.1191142')": 3335, "('42.3654399', '-71.1038252')": 632}, "('42.3630450', '-71.0828710')": {"('42.3740292', '-71.1189061')": 2883, "('42.3624153', '-71.0861915')": 312, "('42.3961210', '-71.1420773')": 5787, "('42.3883205', '-71.1191142')": 3666, "('42.3654399', '-71.1038252')": 1617}, "('42.3894560', '-71.1390190')": {"('42.3740292', '-71.1189061')": 2381, "('42.3624153', '-71.0861915')": 4866, "('42.3961210', '-71.1420773')": 1247, "('42.3883205', '-71.1191142')": 1726, "('42.3654399', '-71.1038252')": 3611}, "('42.3617800', '-71.1081000')": {"('42.3740292', '-71.1189061')": 1528, "('42.3624153', '-71.0861915')": 1760, "('42.3961210', '-71.1420773')": 4682, "('42.3883205', '-71.1191142')": 2895, "('42.3654399', '-71.1038252')": 485}, "('42.3807880', '-71.1541290')": {"('42.3740292', '-71.1189061')": 2864, "('42.3624153', '-71.0861915')": 5372, "('42.3961210', '-71.1420773')": 2537, "('42.3883205', '-71.1191142')": 2861, "('42.3654399', '-71.1038252')": 4065}, "('42.3961050', '-71.1394590')": {"('42.3740292', '-71.1189061')": 2891, "('42.3624153', '-71.0861915')": 5272, "('42.3961210', '-71.1420773')": 410, "('42.3883205', '-71.1191142')": 1800, "('42.3654399', '-71.1038252')": 4121}, "('42.3867480', '-71.1190190')": {"('42.3740292', '-71.1189061')": 1338, "('42.3624153', '-71.0861915')": 3433, "('42.3961210', '-71.1420773')": 2273, "('42.3883205', '-71.1191142')": 152, "('42.3654399', '-71.1038252')": 2514}, "('42.3708030', '-71.1044120')": {"('42.3740292', '-71.1189061')": 1149, "('42.3624153', '-71.0861915')": 1622, "('42.3961210', '-71.1420773')": 4135, "('42.3883205', '-71.1191142')": 2252, "('42.3654399', '-71.1038252')": 674}, "('42.3629020', '-71.0915670')": {"('42.3740292', '-71.1189061')": 2268, "('42.3624153', '-71.0861915')": 392, "('42.3961210', '-71.1420773')": 5351, "('42.3883205', '-71.1191142')": 3230, "('42.3654399', '-71.1038252')": 919}, "('42.3664200', '-71.0885420')": {"('42.3740292', '-71.1189061')": 2462, "('42.3624153', '-71.0861915')": 649, "('42.3961210', '-71.1420773')": 5234, "('42.3883205', '-71.1191142')": 3113, "('42.3654399', '-71.1038252')": 1387}, "('42.3605420', '-71.0866980')": {"('42.3740292', '-71.1189061')": 2805, "('42.3624153', '-71.0861915')": 307, "('42.3961210', '-71.1420773')": 5832, "('42.3883205', '-71.1191142')": 3711, "('42.3654399', '-71.1038252')": 1456}, "('42.3666210', '-71.1142140')": {"('42.3740292', '-71.1189061')": 927, "('42.3624153', '-71.0861915')": 2185, "('42.3961210', '-71.1420773')": 4081, "('42.3883205', '-71.1191142')": 2294, "('42.3654399', '-71.1038252')": 878}, "('42.3626480', '-71.1000610')": {"('42.3740292', '-71.1189061')": 1771, "('42.3624153', '-71.0861915')": 1034, "('42.3961210', '-71.1420773')": 4913, "('42.3883205', '-71.1191142')": 3124, "('42.3654399', '-71.1038252')": 422}, "('42.3625000', '-71.0882200')": {"('42.3740292', '-71.1189061')": 2524, "('42.3624153', '-71.0861915')": 141, "('42.3961210', '-71.1420773')": 5548, "('42.3883205', '-71.1191142')": 3427, "('42.3654399', '-71.1038252')": 1175}, "('42.3630040', '-71.0897400')": {"('42.3740292', '-71.1189061')": 2426, "('42.3624153', '-71.0861915')": 281, "('42.3961210', '-71.1420773')": 5401, "('42.3883205', '-71.1191142')": 3280, "('42.3654399', '-71.1038252')": 1077}, "('42.3779450', '-71.1168650')": {"('42.3740292', '-71.1189061')": 529, "('42.3624153', '-71.0861915')": 2817, "('42.3961210', '-71.1420773')": 3148, "('42.3883205', '-71.1191142')": 1102, "('42.3654399', '-71.1038252')": 1643}, "('42.3576620', '-71.1084130')": {"('42.3740292', '-71.1189061')": 1895, "('42.3624153', '-71.0861915')": 1800, "('42.3961210', '-71.1420773')": 5049, "('42.3883205', '-71.1191142')": 3262, "('42.3654399', '-71.1038252')": 974}, "('42.3711410', '-71.0761980')": {"('42.3740292', '-71.1189061')": 3240, "('42.3624153', '-71.0861915')": 1377, "('42.3961210', '-71.1420773')": 5619, "('42.3883205', '-71.1191142')": 3498, "('42.3654399', '-71.1038252')": 2440}, "('42.3730800', '-71.0863420')": {"('42.3740292', '-71.1189061')": 2531, "('42.3624153', '-71.0861915')": 1312, "('42.3961210', '-71.1420773')": 4974, "('42.3883205', '-71.1191142')": 2853, "('42.3654399', '-71.1038252')": 1731}, "('42.3689520', '-71.1099880')": {"('42.3740292', '-71.1189061')": 789, "('42.3624153', '-71.0861915')": 1836, "('42.3961210', '-71.1420773')": 3931, "('42.3883205', '-71.1191142')": 2142, "('42.3654399', '-71.1038252')": 529}, "('42.3621310', '-71.0911560')": {"('42.3740292', '-71.1189061')": 2419, "('42.3624153', '-71.0861915')": 375, "('42.3961210', '-71.1420773')": 5470, "('42.3883205', '-71.1191142')": 3349, "('42.3654399', '-71.1038252')": 1070}, "('42.3695530', '-71.0857900')": {"('42.3740292', '-71.1189061')": 2745, "('42.3624153', '-71.0861915')": 942, "('42.3961210', '-71.1420773')": 5321, "('42.3883205', '-71.1191142')": 3200, "('42.3654399', '-71.1038252')": 1839}, "('42.3719770', '-71.0720050')": {"('42.3740292', '-71.1189061')": 3559, "('42.3624153', '-71.0861915')": 1696, "('42.3961210', '-71.1420773')": 5960, "('42.3883205', '-71.1191142')": 3839, "('42.3654399', '-71.1038252')": 2759}, "('42.3650700', '-71.1031000')": {"('42.3740292', '-71.1189061')": 1419, "('42.3624153', '-71.0861915')": 1238, "('42.3961210', '-71.1420773')": 4561, "('42.3883205', '-71.1191142')": 2772, "('42.3654399', '-71.1038252')": 70}, "('42.3698850', '-71.0699570')": {"('42.3740292', '-71.1189061')": 3684, "('42.3624153', '-71.0861915')": 1676, "('42.3961210', '-71.1420773')": 6124, "('42.3883205', '-71.1191142')": 4003, "('42.3654399', '-71.1038252')": 2884}, "('42.3742670', '-71.1002650')": {"('42.3740292', '-71.1189061')": 1522, "('42.3624153', '-71.0861915')": 1700, "('42.3961210', '-71.1420773')": 4098, "('42.3883205', '-71.1191142')": 1977, "('42.3654399', '-71.1038252')": 974}, "('42.3670740', '-71.0767930')": {"('42.3740292', '-71.1189061')": 3390, "('42.3624153', '-71.0861915')": 1026, "('42.3961210', '-71.1420773')": 6082, "('42.3883205', '-71.1191142')": 3961,